"","DATE","VALUE"
"1","2010-01-04","1132.99"
"2","2010-01-05","1136.52"
"3","2010-01-06","1137.14"
"4","2010-01-07","1141.69"
"5","2010-01-08","1144.98"
"6","2010-01-11","1146.98"
"7","2010-01-12","1136.22"
"8","2010-01-13","1145.68"
"9","2010-01-14","1148.46"
"10","2010-01-15","1136.03"
"12","2010-01-19","1150.23"
"13","2010-01-20","1138.04"
"14","2010-01-21","1116.48"
"15","2010-01-22","1091.76"
"16","2010-01-25","1096.78"
"17","2010-01-26","1092.17"
"18","2010-01-27","1097.50"
"19","2010-01-28","1084.53"
"20","2010-01-29","1073.87"
"21","2010-02-01","1089.19"
"22","2010-02-02","1103.32"
"23","2010-02-03","1097.28"
"24","2010-02-04","1063.11"
"25","2010-02-05","1066.19"
"26","2010-02-08","1056.74"
"27","2010-02-09","1070.52"
"28","2010-02-10","1068.13"
"29","2010-02-11","1078.47"
"30","2010-02-12","1075.51"
"32","2010-02-16","1094.87"
"33","2010-02-17","1099.51"
"34","2010-02-18","1106.75"
"35","2010-02-19","1109.17"
"36","2010-02-22","1108.01"
"37","2010-02-23","1094.60"
"38","2010-02-24","1105.24"
"39","2010-02-25","1102.94"
"40","2010-02-26","1104.49"
"41","2010-03-01","1115.71"
"42","2010-03-02","1118.31"
"43","2010-03-03","1118.79"
"44","2010-03-04","1122.97"
"45","2010-03-05","1138.70"
"46","2010-03-08","1138.50"
"47","2010-03-09","1140.45"
"48","2010-03-10","1145.61"
"49","2010-03-11","1150.24"
"50","2010-03-12","1149.99"
"51","2010-03-15","1150.51"
"52","2010-03-16","1159.46"
"53","2010-03-17","1166.21"
"54","2010-03-18","1165.83"
"55","2010-03-19","1159.90"
"56","2010-03-22","1165.81"
"57","2010-03-23","1174.17"
"58","2010-03-24","1167.72"
"59","2010-03-25","1165.73"
"60","2010-03-26","1166.59"
"61","2010-03-29","1173.22"
"62","2010-03-30","1173.27"
"63","2010-03-31","1169.43"
"64","2010-04-01","1178.10"
"66","2010-04-05","1187.44"
"67","2010-04-06","1189.44"
"68","2010-04-07","1182.45"
"69","2010-04-08","1186.44"
"70","2010-04-09","1194.37"
"71","2010-04-12","1196.48"
"72","2010-04-13","1197.30"
"73","2010-04-14","1210.65"
"74","2010-04-15","1211.67"
"75","2010-04-16","1192.13"
"76","2010-04-19","1197.52"
"77","2010-04-20","1207.17"
"78","2010-04-21","1205.94"
"79","2010-04-22","1208.67"
"80","2010-04-23","1217.28"
"81","2010-04-26","1212.05"
"82","2010-04-27","1183.71"
"83","2010-04-28","1191.36"
"84","2010-04-29","1206.78"
"85","2010-04-30","1186.69"
"86","2010-05-03","1202.26"
"87","2010-05-04","1173.60"
"88","2010-05-05","1165.90"
"89","2010-05-06","1128.15"
"90","2010-05-07","1110.88"
"91","2010-05-10","1159.73"
"92","2010-05-11","1155.79"
"93","2010-05-12","1171.67"
"94","2010-05-13","1157.44"
"95","2010-05-14","1135.68"
"96","2010-05-17","1136.94"
"97","2010-05-18","1120.80"
"98","2010-05-19","1115.05"
"99","2010-05-20","1071.59"
"100","2010-05-21","1087.69"
"101","2010-05-24","1073.65"
"102","2010-05-25","1074.03"
"103","2010-05-26","1067.95"
"104","2010-05-27","1103.06"
"105","2010-05-28","1089.41"
"107","2010-06-01","1070.71"
"108","2010-06-02","1098.38"
"109","2010-06-03","1102.83"
"110","2010-06-04","1064.88"
"111","2010-06-07","1050.47"
"112","2010-06-08","1062.00"
"113","2010-06-09","1055.69"
"114","2010-06-10","1086.84"
"115","2010-06-11","1091.60"
"116","2010-06-14","1089.63"
"117","2010-06-15","1115.23"
"118","2010-06-16","1114.61"
"119","2010-06-17","1116.04"
"120","2010-06-18","1117.51"
"121","2010-06-21","1113.20"
"122","2010-06-22","1095.31"
"123","2010-06-23","1092.04"
"124","2010-06-24","1073.69"
"125","2010-06-25","1076.76"
"126","2010-06-28","1074.57"
"127","2010-06-29","1041.24"
"128","2010-06-30","1030.71"
"129","2010-07-01","1027.37"
"130","2010-07-02","1022.58"
"132","2010-07-06","1028.06"
"133","2010-07-07","1060.27"
"134","2010-07-08","1070.25"
"135","2010-07-09","1077.96"
"136","2010-07-12","1078.75"
"137","2010-07-13","1095.34"
"138","2010-07-14","1095.17"
"139","2010-07-15","1096.48"
"140","2010-07-16","1064.88"
"141","2010-07-19","1071.25"
"142","2010-07-20","1083.48"
"143","2010-07-21","1069.59"
"144","2010-07-22","1093.67"
"145","2010-07-23","1102.66"
"146","2010-07-26","1115.01"
"147","2010-07-27","1113.84"
"148","2010-07-28","1106.13"
"149","2010-07-29","1101.53"
"150","2010-07-30","1101.60"
"151","2010-08-02","1125.86"
"152","2010-08-03","1120.46"
"153","2010-08-04","1127.24"
"154","2010-08-05","1125.81"
"155","2010-08-06","1121.64"
"156","2010-08-09","1127.79"
"157","2010-08-10","1121.06"
"158","2010-08-11","1089.47"
"159","2010-08-12","1083.61"
"160","2010-08-13","1079.25"
"161","2010-08-16","1079.38"
"162","2010-08-17","1092.54"
"163","2010-08-18","1094.16"
"164","2010-08-19","1075.63"
"165","2010-08-20","1071.69"
"166","2010-08-23","1067.36"
"167","2010-08-24","1051.87"
"168","2010-08-25","1055.33"
"169","2010-08-26","1047.22"
"170","2010-08-27","1064.59"
"171","2010-08-30","1048.92"
"172","2010-08-31","1049.33"
"173","2010-09-01","1080.29"
"174","2010-09-02","1090.10"
"175","2010-09-03","1104.51"
"177","2010-09-07","1091.84"
"178","2010-09-08","1098.87"
"179","2010-09-09","1104.18"
"180","2010-09-10","1109.55"
"181","2010-09-13","1121.90"
"182","2010-09-14","1121.10"
"183","2010-09-15","1125.07"
"184","2010-09-16","1124.66"
"185","2010-09-17","1125.59"
"186","2010-09-20","1142.71"
"187","2010-09-21","1139.78"
"188","2010-09-22","1134.28"
"189","2010-09-23","1124.83"
"190","2010-09-24","1148.67"
"191","2010-09-27","1142.16"
"192","2010-09-28","1147.70"
"193","2010-09-29","1144.73"
"194","2010-09-30","1141.20"
"195","2010-10-01","1146.24"
"196","2010-10-04","1137.03"
"197","2010-10-05","1160.75"
"198","2010-10-06","1159.97"
"199","2010-10-07","1158.06"
"200","2010-10-08","1165.15"
"201","2010-10-11","1165.32"
"202","2010-10-12","1169.77"
"203","2010-10-13","1178.10"
"204","2010-10-14","1173.81"
"205","2010-10-15","1176.19"
"206","2010-10-18","1184.71"
"207","2010-10-19","1165.90"
"208","2010-10-20","1178.17"
"209","2010-10-21","1180.26"
"210","2010-10-22","1183.08"
"211","2010-10-25","1185.62"
"212","2010-10-26","1185.64"
"213","2010-10-27","1182.45"
"214","2010-10-28","1183.78"
"215","2010-10-29","1183.26"
"216","2010-11-01","1184.38"
"217","2010-11-02","1193.57"
"218","2010-11-03","1197.96"
"219","2010-11-04","1221.06"
"220","2010-11-05","1225.85"
"221","2010-11-08","1223.25"
"222","2010-11-09","1213.40"
"223","2010-11-10","1218.71"
"224","2010-11-11","1213.54"
"225","2010-11-12","1199.21"
"226","2010-11-15","1197.75"
"227","2010-11-16","1178.34"
"228","2010-11-17","1178.59"
"229","2010-11-18","1196.69"
"230","2010-11-19","1199.73"
"231","2010-11-22","1197.84"
"232","2010-11-23","1180.73"
"233","2010-11-24","1198.35"
"235","2010-11-26","1189.40"
"236","2010-11-29","1187.76"
"237","2010-11-30","1180.55"
"238","2010-12-01","1206.07"
"239","2010-12-02","1221.53"
"240","2010-12-03","1224.71"
"241","2010-12-06","1223.12"
"242","2010-12-07","1223.75"
"243","2010-12-08","1228.28"
"244","2010-12-09","1233.00"
"245","2010-12-10","1240.40"
"246","2010-12-13","1240.46"
"247","2010-12-14","1241.59"
"248","2010-12-15","1235.23"
"249","2010-12-16","1242.87"
"250","2010-12-17","1243.91"
"251","2010-12-20","1247.08"
"252","2010-12-21","1254.60"
"253","2010-12-22","1258.84"
"254","2010-12-23","1256.77"
"256","2010-12-27","1257.54"
"257","2010-12-28","1258.51"
"258","2010-12-29","1259.78"
"259","2010-12-30","1257.88"
"260","2010-12-31","1257.64"
"261","2011-01-03","1271.87"
"262","2011-01-04","1270.20"
"263","2011-01-05","1276.56"
"264","2011-01-06","1273.85"
"265","2011-01-07","1271.50"
"266","2011-01-10","1269.75"
"267","2011-01-11","1274.48"
"268","2011-01-12","1285.96"
"269","2011-01-13","1283.76"
"270","2011-01-14","1293.24"
"272","2011-01-18","1295.02"
"273","2011-01-19","1281.92"
"274","2011-01-20","1280.26"
"275","2011-01-21","1283.35"
"276","2011-01-24","1290.84"
"277","2011-01-25","1291.18"
"278","2011-01-26","1296.63"
"279","2011-01-27","1299.54"
"280","2011-01-28","1276.34"
"281","2011-01-31","1286.12"
"282","2011-02-01","1307.59"
"283","2011-02-02","1304.03"
"284","2011-02-03","1307.10"
"285","2011-02-04","1310.87"
"286","2011-02-07","1319.05"
"287","2011-02-08","1324.57"
"288","2011-02-09","1320.88"
"289","2011-02-10","1321.87"
"290","2011-02-11","1329.15"
"291","2011-02-14","1332.32"
"292","2011-02-15","1328.01"
"293","2011-02-16","1336.32"
"294","2011-02-17","1340.43"
"295","2011-02-18","1343.01"
"297","2011-02-22","1315.44"
"298","2011-02-23","1307.40"
"299","2011-02-24","1306.10"
"300","2011-02-25","1319.88"
"301","2011-02-28","1327.22"
"302","2011-03-01","1306.33"
"303","2011-03-02","1308.44"
"304","2011-03-03","1330.97"
"305","2011-03-04","1321.15"
"306","2011-03-07","1310.13"
"307","2011-03-08","1321.82"
"308","2011-03-09","1320.02"
"309","2011-03-10","1295.11"
"310","2011-03-11","1304.28"
"311","2011-03-14","1296.39"
"312","2011-03-15","1281.87"
"313","2011-03-16","1256.88"
"314","2011-03-17","1273.72"
"315","2011-03-18","1279.20"
"316","2011-03-21","1298.38"
"317","2011-03-22","1293.77"
"318","2011-03-23","1297.54"
"319","2011-03-24","1309.66"
"320","2011-03-25","1313.80"
"321","2011-03-28","1310.19"
"322","2011-03-29","1319.44"
"323","2011-03-30","1328.26"
"324","2011-03-31","1325.83"
"325","2011-04-01","1332.41"
"326","2011-04-04","1332.87"
"327","2011-04-05","1332.63"
"328","2011-04-06","1335.54"
"329","2011-04-07","1333.51"
"330","2011-04-08","1328.17"
"331","2011-04-11","1324.46"
"332","2011-04-12","1314.16"
"333","2011-04-13","1314.41"
"334","2011-04-14","1314.52"
"335","2011-04-15","1319.68"
"336","2011-04-18","1305.14"
"337","2011-04-19","1312.62"
"338","2011-04-20","1330.36"
"339","2011-04-21","1337.38"
"341","2011-04-25","1335.25"
"342","2011-04-26","1347.24"
"343","2011-04-27","1355.66"
"344","2011-04-28","1360.48"
"345","2011-04-29","1363.61"
"346","2011-05-02","1361.22"
"347","2011-05-03","1356.62"
"348","2011-05-04","1347.32"
"349","2011-05-05","1335.10"
"350","2011-05-06","1340.20"
"351","2011-05-09","1346.29"
"352","2011-05-10","1357.16"
"353","2011-05-11","1342.08"
"354","2011-05-12","1348.65"
"355","2011-05-13","1337.77"
"356","2011-05-16","1329.47"
"357","2011-05-17","1328.98"
"358","2011-05-18","1340.68"
"359","2011-05-19","1343.60"
"360","2011-05-20","1333.27"
"361","2011-05-23","1317.37"
"362","2011-05-24","1316.28"
"363","2011-05-25","1320.47"
"364","2011-05-26","1325.69"
"365","2011-05-27","1331.10"
"367","2011-05-31","1345.20"
"368","2011-06-01","1314.55"
"369","2011-06-02","1312.94"
"370","2011-06-03","1300.16"
"371","2011-06-06","1286.17"
"372","2011-06-07","1284.94"
"373","2011-06-08","1279.56"
"374","2011-06-09","1289.00"
"375","2011-06-10","1270.98"
"376","2011-06-13","1271.83"
"377","2011-06-14","1287.87"
"378","2011-06-15","1265.42"
"379","2011-06-16","1267.64"
"380","2011-06-17","1271.50"
"381","2011-06-20","1278.36"
"382","2011-06-21","1295.52"
"383","2011-06-22","1287.14"
"384","2011-06-23","1283.50"
"385","2011-06-24","1268.45"
"386","2011-06-27","1280.10"
"387","2011-06-28","1296.67"
"388","2011-06-29","1307.41"
"389","2011-06-30","1320.64"
"390","2011-07-01","1339.67"
"392","2011-07-05","1337.88"
"393","2011-07-06","1339.22"
"394","2011-07-07","1353.22"
"395","2011-07-08","1343.80"
"396","2011-07-11","1319.49"
"397","2011-07-12","1313.64"
"398","2011-07-13","1317.72"
"399","2011-07-14","1308.87"
"400","2011-07-15","1316.14"
"401","2011-07-18","1305.44"
"402","2011-07-19","1326.73"
"403","2011-07-20","1325.84"
"404","2011-07-21","1343.80"
"405","2011-07-22","1345.02"
"406","2011-07-25","1337.43"
"407","2011-07-26","1331.94"
"408","2011-07-27","1304.89"
"409","2011-07-28","1300.67"
"410","2011-07-29","1292.28"
"411","2011-08-01","1286.94"
"412","2011-08-02","1254.05"
"413","2011-08-03","1260.34"
"414","2011-08-04","1200.07"
"415","2011-08-05","1199.38"
"416","2011-08-08","1119.46"
"417","2011-08-09","1172.53"
"418","2011-08-10","1120.76"
"419","2011-08-11","1172.64"
"420","2011-08-12","1178.81"
"421","2011-08-15","1204.49"
"422","2011-08-16","1192.76"
"423","2011-08-17","1193.89"
"424","2011-08-18","1140.65"
"425","2011-08-19","1123.53"
"426","2011-08-22","1123.82"
"427","2011-08-23","1162.35"
"428","2011-08-24","1177.60"
"429","2011-08-25","1159.27"
"430","2011-08-26","1176.80"
"431","2011-08-29","1210.08"
"432","2011-08-30","1212.92"
"433","2011-08-31","1218.89"
"434","2011-09-01","1204.42"
"435","2011-09-02","1173.97"
"437","2011-09-06","1165.24"
"438","2011-09-07","1198.62"
"439","2011-09-08","1185.90"
"440","2011-09-09","1154.23"
"441","2011-09-12","1162.27"
"442","2011-09-13","1172.87"
"443","2011-09-14","1188.68"
"444","2011-09-15","1209.11"
"445","2011-09-16","1216.01"
"446","2011-09-19","1204.09"
"447","2011-09-20","1202.09"
"448","2011-09-21","1166.76"
"449","2011-09-22","1129.56"
"450","2011-09-23","1136.43"
"451","2011-09-26","1162.95"
"452","2011-09-27","1175.38"
"453","2011-09-28","1151.06"
"454","2011-09-29","1160.40"
"455","2011-09-30","1131.42"
"456","2011-10-03","1099.23"
"457","2011-10-04","1123.95"
"458","2011-10-05","1144.03"
"459","2011-10-06","1164.97"
"460","2011-10-07","1155.46"
"461","2011-10-10","1194.89"
"462","2011-10-11","1195.54"
"463","2011-10-12","1207.25"
"464","2011-10-13","1203.66"
"465","2011-10-14","1224.58"
"466","2011-10-17","1200.86"
"467","2011-10-18","1225.38"
"468","2011-10-19","1209.88"
"469","2011-10-20","1215.39"
"470","2011-10-21","1238.25"
"471","2011-10-24","1254.19"
"472","2011-10-25","1229.05"
"473","2011-10-26","1242.00"
"474","2011-10-27","1284.59"
"475","2011-10-28","1285.09"
"476","2011-10-31","1253.30"
"477","2011-11-01","1218.28"
"478","2011-11-02","1237.90"
"479","2011-11-03","1261.15"
"480","2011-11-04","1253.23"
"481","2011-11-07","1261.12"
"482","2011-11-08","1275.92"
"483","2011-11-09","1229.10"
"484","2011-11-10","1239.69"
"485","2011-11-11","1263.85"
"486","2011-11-14","1251.78"
"487","2011-11-15","1257.81"
"488","2011-11-16","1236.91"
"489","2011-11-17","1216.13"
"490","2011-11-18","1215.65"
"491","2011-11-21","1192.98"
"492","2011-11-22","1188.04"
"493","2011-11-23","1161.79"
"495","2011-11-25","1158.67"
"496","2011-11-28","1192.55"
"497","2011-11-29","1195.19"
"498","2011-11-30","1246.96"
"499","2011-12-01","1244.58"
"500","2011-12-02","1244.28"
"501","2011-12-05","1257.08"
"502","2011-12-06","1258.47"
"503","2011-12-07","1261.01"
"504","2011-12-08","1234.35"
"505","2011-12-09","1255.19"
"506","2011-12-12","1236.47"
"507","2011-12-13","1225.73"
"508","2011-12-14","1211.82"
"509","2011-12-15","1215.75"
"510","2011-12-16","1219.66"
"511","2011-12-19","1205.35"
"512","2011-12-20","1241.30"
"513","2011-12-21","1243.72"
"514","2011-12-22","1254.00"
"515","2011-12-23","1265.33"
"517","2011-12-27","1265.43"
"518","2011-12-28","1249.64"
"519","2011-12-29","1263.02"
"520","2011-12-30","1257.60"
"522","2012-01-03","1277.06"
"523","2012-01-04","1277.30"
"524","2012-01-05","1281.06"
"525","2012-01-06","1277.81"
"526","2012-01-09","1280.70"
"527","2012-01-10","1292.08"
"528","2012-01-11","1292.48"
"529","2012-01-12","1295.50"
"530","2012-01-13","1289.09"
"532","2012-01-17","1293.67"
"533","2012-01-18","1308.04"
"534","2012-01-19","1314.50"
"535","2012-01-20","1315.38"
"536","2012-01-23","1316.00"
"537","2012-01-24","1314.65"
"538","2012-01-25","1326.05"
"539","2012-01-26","1318.43"
"540","2012-01-27","1316.33"
"541","2012-01-30","1313.01"
"542","2012-01-31","1312.41"
"543","2012-02-01","1324.09"
"544","2012-02-02","1325.54"
"545","2012-02-03","1344.90"
"546","2012-02-06","1344.33"
"547","2012-02-07","1347.05"
"548","2012-02-08","1349.96"
"549","2012-02-09","1351.95"
"550","2012-02-10","1342.64"
"551","2012-02-13","1351.77"
"552","2012-02-14","1350.50"
"553","2012-02-15","1343.23"
"554","2012-02-16","1358.04"
"555","2012-02-17","1361.23"
"557","2012-02-21","1362.21"
"558","2012-02-22","1357.66"
"559","2012-02-23","1363.46"
"560","2012-02-24","1365.74"
"561","2012-02-27","1367.59"
"562","2012-02-28","1372.18"
"563","2012-02-29","1365.68"
"564","2012-03-01","1374.09"
"565","2012-03-02","1369.63"
"566","2012-03-05","1364.33"
"567","2012-03-06","1343.36"
"568","2012-03-07","1352.63"
"569","2012-03-08","1365.91"
"570","2012-03-09","1370.87"
"571","2012-03-12","1371.09"
"572","2012-03-13","1395.95"
"573","2012-03-14","1394.28"
"574","2012-03-15","1402.60"
"575","2012-03-16","1404.17"
"576","2012-03-19","1409.75"
"577","2012-03-20","1405.52"
"578","2012-03-21","1402.89"
"579","2012-03-22","1392.78"
"580","2012-03-23","1397.11"
"581","2012-03-26","1416.51"
"582","2012-03-27","1412.52"
"583","2012-03-28","1405.54"
"584","2012-03-29","1403.28"
"585","2012-03-30","1408.47"
"586","2012-04-02","1419.04"
"587","2012-04-03","1413.38"
"588","2012-04-04","1398.96"
"589","2012-04-05","1398.08"
"591","2012-04-09","1382.20"
"592","2012-04-10","1358.59"
"593","2012-04-11","1368.71"
"594","2012-04-12","1387.57"
"595","2012-04-13","1370.26"
"596","2012-04-16","1369.57"
"597","2012-04-17","1390.78"
"598","2012-04-18","1385.14"
"599","2012-04-19","1376.92"
"600","2012-04-20","1378.53"
"601","2012-04-23","1366.94"
"602","2012-04-24","1371.97"
"603","2012-04-25","1390.69"
"604","2012-04-26","1399.98"
"605","2012-04-27","1403.36"
"606","2012-04-30","1397.91"
"607","2012-05-01","1405.82"
"608","2012-05-02","1402.31"
"609","2012-05-03","1391.57"
"610","2012-05-04","1369.10"
"611","2012-05-07","1369.58"
"612","2012-05-08","1363.72"
"613","2012-05-09","1354.58"
"614","2012-05-10","1357.99"
"615","2012-05-11","1353.39"
"616","2012-05-14","1338.35"
"617","2012-05-15","1330.66"
"618","2012-05-16","1324.80"
"619","2012-05-17","1304.86"
"620","2012-05-18","1295.22"
"621","2012-05-21","1315.99"
"622","2012-05-22","1316.63"
"623","2012-05-23","1318.86"
"624","2012-05-24","1320.68"
"625","2012-05-25","1317.82"
"627","2012-05-29","1332.42"
"628","2012-05-30","1313.32"
"629","2012-05-31","1310.33"
"630","2012-06-01","1278.04"
"631","2012-06-04","1278.18"
"632","2012-06-05","1285.50"
"633","2012-06-06","1315.13"
"634","2012-06-07","1314.99"
"635","2012-06-08","1325.66"
"636","2012-06-11","1308.93"
"637","2012-06-12","1324.18"
"638","2012-06-13","1314.88"
"639","2012-06-14","1329.10"
"640","2012-06-15","1342.84"
"641","2012-06-18","1344.78"
"642","2012-06-19","1357.98"
"643","2012-06-20","1355.69"
"644","2012-06-21","1325.51"
"645","2012-06-22","1335.02"
"646","2012-06-25","1313.72"
"647","2012-06-26","1319.99"
"648","2012-06-27","1331.85"
"649","2012-06-28","1329.04"
"650","2012-06-29","1362.16"
"651","2012-07-02","1365.51"
"652","2012-07-03","1374.02"
"654","2012-07-05","1367.58"
"655","2012-07-06","1354.68"
"656","2012-07-09","1352.46"
"657","2012-07-10","1341.47"
"658","2012-07-11","1341.45"
"659","2012-07-12","1334.76"
"660","2012-07-13","1356.78"
"661","2012-07-16","1353.64"
"662","2012-07-17","1363.67"
"663","2012-07-18","1372.78"
"664","2012-07-19","1376.51"
"665","2012-07-20","1362.66"
"666","2012-07-23","1350.52"
"667","2012-07-24","1338.31"
"668","2012-07-25","1337.89"
"669","2012-07-26","1360.02"
"670","2012-07-27","1385.97"
"671","2012-07-30","1385.30"
"672","2012-07-31","1379.32"
"673","2012-08-01","1375.14"
"674","2012-08-02","1365.00"
"675","2012-08-03","1390.99"
"676","2012-08-06","1394.23"
"677","2012-08-07","1401.35"
"678","2012-08-08","1402.22"
"679","2012-08-09","1402.80"
"680","2012-08-10","1405.87"
"681","2012-08-13","1404.11"
"682","2012-08-14","1403.93"
"683","2012-08-15","1405.53"
"684","2012-08-16","1415.51"
"685","2012-08-17","1418.16"
"686","2012-08-20","1418.13"
"687","2012-08-21","1413.17"
"688","2012-08-22","1413.49"
"689","2012-08-23","1402.08"
"690","2012-08-24","1411.13"
"691","2012-08-27","1410.44"
"692","2012-08-28","1409.30"
"693","2012-08-29","1410.49"
"694","2012-08-30","1399.48"
"695","2012-08-31","1406.58"
"697","2012-09-04","1404.94"
"698","2012-09-05","1403.44"
"699","2012-09-06","1432.12"
"700","2012-09-07","1437.92"
"701","2012-09-10","1429.08"
"702","2012-09-11","1433.56"
"703","2012-09-12","1436.56"
"704","2012-09-13","1459.99"
"705","2012-09-14","1465.77"
"706","2012-09-17","1461.19"
"707","2012-09-18","1459.32"
"708","2012-09-19","1461.05"
"709","2012-09-20","1460.26"
"710","2012-09-21","1460.15"
"711","2012-09-24","1456.89"
"712","2012-09-25","1441.59"
"713","2012-09-26","1433.32"
"714","2012-09-27","1447.15"
"715","2012-09-28","1440.67"
"716","2012-10-01","1444.49"
"717","2012-10-02","1445.75"
"718","2012-10-03","1450.99"
"719","2012-10-04","1461.40"
"720","2012-10-05","1460.93"
"721","2012-10-08","1455.88"
"722","2012-10-09","1441.48"
"723","2012-10-10","1432.56"
"724","2012-10-11","1432.84"
"725","2012-10-12","1428.59"
"726","2012-10-15","1440.13"
"727","2012-10-16","1454.92"
"728","2012-10-17","1460.91"
"729","2012-10-18","1457.34"
"730","2012-10-19","1433.19"
"731","2012-10-22","1433.82"
"732","2012-10-23","1413.11"
"733","2012-10-24","1408.75"
"734","2012-10-25","1412.97"
"735","2012-10-26","1411.94"
"738","2012-10-31","1412.16"
"739","2012-11-01","1427.59"
"740","2012-11-02","1414.20"
"741","2012-11-05","1417.26"
"742","2012-11-06","1428.39"
"743","2012-11-07","1394.53"
"744","2012-11-08","1377.51"
"745","2012-11-09","1379.85"
"746","2012-11-12","1380.03"
"747","2012-11-13","1374.53"
"748","2012-11-14","1355.49"
"749","2012-11-15","1353.33"
"750","2012-11-16","1359.88"
"751","2012-11-19","1386.89"
"752","2012-11-20","1387.81"
"753","2012-11-21","1391.03"
"755","2012-11-23","1409.15"
"756","2012-11-26","1406.29"
"757","2012-11-27","1398.94"
"758","2012-11-28","1409.93"
"759","2012-11-29","1415.95"
"760","2012-11-30","1416.18"
"761","2012-12-03","1409.46"
"762","2012-12-04","1407.05"
"763","2012-12-05","1409.28"
"764","2012-12-06","1413.94"
"765","2012-12-07","1418.07"
"766","2012-12-10","1418.55"
"767","2012-12-11","1427.84"
"768","2012-12-12","1428.48"
"769","2012-12-13","1419.45"
"770","2012-12-14","1413.58"
"771","2012-12-17","1430.36"
"772","2012-12-18","1446.79"
"773","2012-12-19","1435.81"
"774","2012-12-20","1443.69"
"775","2012-12-21","1430.15"
"776","2012-12-24","1426.66"
"778","2012-12-26","1419.83"
"779","2012-12-27","1418.10"
"780","2012-12-28","1402.43"
"781","2012-12-31","1426.19"
"783","2013-01-02","1462.42"
"784","2013-01-03","1459.37"
"785","2013-01-04","1466.47"
"786","2013-01-07","1461.89"
"787","2013-01-08","1457.15"
"788","2013-01-09","1461.02"
"789","2013-01-10","1472.12"
"790","2013-01-11","1472.05"
"791","2013-01-14","1470.68"
"792","2013-01-15","1472.34"
"793","2013-01-16","1472.63"
"794","2013-01-17","1480.94"
"795","2013-01-18","1485.98"
"797","2013-01-22","1492.56"
"798","2013-01-23","1494.81"
"799","2013-01-24","1494.82"
"800","2013-01-25","1502.96"
"801","2013-01-28","1500.18"
"802","2013-01-29","1507.84"
"803","2013-01-30","1501.96"
"804","2013-01-31","1498.11"
"805","2013-02-01","1513.17"
"806","2013-02-04","1495.71"
"807","2013-02-05","1511.29"
"808","2013-02-06","1512.12"
"809","2013-02-07","1509.39"
"810","2013-02-08","1517.93"
"811","2013-02-11","1517.01"
"812","2013-02-12","1519.43"
"813","2013-02-13","1520.33"
"814","2013-02-14","1521.38"
"815","2013-02-15","1519.79"
"817","2013-02-19","1530.94"
"818","2013-02-20","1511.95"
"819","2013-02-21","1502.42"
"820","2013-02-22","1515.60"
"821","2013-02-25","1487.85"
"822","2013-02-26","1496.94"
"823","2013-02-27","1515.99"
"824","2013-02-28","1514.68"
"825","2013-03-01","1518.20"
"826","2013-03-04","1525.20"
"827","2013-03-05","1539.79"
"828","2013-03-06","1541.46"
"829","2013-03-07","1544.26"
"830","2013-03-08","1551.18"
"831","2013-03-11","1556.22"
"832","2013-03-12","1552.48"
"833","2013-03-13","1554.52"
"834","2013-03-14","1563.23"
"835","2013-03-15","1560.70"
"836","2013-03-18","1552.10"
"837","2013-03-19","1548.34"
"838","2013-03-20","1558.71"
"839","2013-03-21","1545.80"
"840","2013-03-22","1556.89"
"841","2013-03-25","1551.69"
"842","2013-03-26","1563.77"
"843","2013-03-27","1562.85"
"844","2013-03-28","1569.19"
"846","2013-04-01","1562.17"
"847","2013-04-02","1570.25"
"848","2013-04-03","1553.69"
"849","2013-04-04","1559.98"
"850","2013-04-05","1553.28"
"851","2013-04-08","1563.07"
"852","2013-04-09","1568.61"
"853","2013-04-10","1587.73"
"854","2013-04-11","1593.37"
"855","2013-04-12","1588.85"
"856","2013-04-15","1552.36"
"857","2013-04-16","1574.57"
"858","2013-04-17","1552.01"
"859","2013-04-18","1541.61"
"860","2013-04-19","1555.25"
"861","2013-04-22","1562.50"
"862","2013-04-23","1578.78"
"863","2013-04-24","1578.79"
"864","2013-04-25","1585.16"
"865","2013-04-26","1582.24"
"866","2013-04-29","1593.61"
"867","2013-04-30","1597.57"
"868","2013-05-01","1582.70"
"869","2013-05-02","1597.59"
"870","2013-05-03","1614.42"
"871","2013-05-06","1617.50"
"872","2013-05-07","1625.96"
"873","2013-05-08","1632.69"
"874","2013-05-09","1626.67"
"875","2013-05-10","1633.70"
"876","2013-05-13","1633.77"
"877","2013-05-14","1650.34"
"878","2013-05-15","1658.78"
"879","2013-05-16","1650.47"
"880","2013-05-17","1667.47"
"881","2013-05-20","1666.29"
"882","2013-05-21","1669.16"
"883","2013-05-22","1655.35"
"884","2013-05-23","1650.51"
"885","2013-05-24","1649.60"
"887","2013-05-28","1660.06"
"888","2013-05-29","1648.36"
"889","2013-05-30","1654.41"
"890","2013-05-31","1630.74"
"891","2013-06-03","1640.42"
"892","2013-06-04","1631.38"
"893","2013-06-05","1608.90"
"894","2013-06-06","1622.56"
"895","2013-06-07","1643.38"
"896","2013-06-10","1642.81"
"897","2013-06-11","1626.13"
"898","2013-06-12","1612.52"
"899","2013-06-13","1636.36"
"900","2013-06-14","1626.73"
"901","2013-06-17","1639.04"
"902","2013-06-18","1651.81"
"903","2013-06-19","1628.93"
"904","2013-06-20","1588.19"
"905","2013-06-21","1592.43"
"906","2013-06-24","1573.09"
"907","2013-06-25","1588.03"
"908","2013-06-26","1603.26"
"909","2013-06-27","1613.20"
"910","2013-06-28","1606.28"
"911","2013-07-01","1614.96"
"912","2013-07-02","1614.08"
"913","2013-07-03","1615.41"
"915","2013-07-05","1631.89"
"916","2013-07-08","1640.46"
"917","2013-07-09","1652.32"
"918","2013-07-10","1652.62"
"919","2013-07-11","1675.02"
"920","2013-07-12","1680.19"
"921","2013-07-15","1682.50"
"922","2013-07-16","1676.26"
"923","2013-07-17","1680.91"
"924","2013-07-18","1689.37"
"925","2013-07-19","1692.09"
"926","2013-07-22","1695.53"
"927","2013-07-23","1692.39"
"928","2013-07-24","1685.94"
"929","2013-07-25","1690.25"
"930","2013-07-26","1691.65"
"931","2013-07-29","1685.33"
"932","2013-07-30","1685.96"
"933","2013-07-31","1685.73"
"934","2013-08-01","1706.87"
"935","2013-08-02","1709.67"
"936","2013-08-05","1707.14"
"937","2013-08-06","1697.37"
"938","2013-08-07","1690.91"
"939","2013-08-08","1697.48"
"940","2013-08-09","1691.42"
"941","2013-08-12","1689.47"
"942","2013-08-13","1694.16"
"943","2013-08-14","1685.39"
"944","2013-08-15","1661.32"
"945","2013-08-16","1655.83"
"946","2013-08-19","1646.06"
"947","2013-08-20","1652.35"
"948","2013-08-21","1642.80"
"949","2013-08-22","1656.96"
"950","2013-08-23","1663.50"
"951","2013-08-26","1656.78"
"952","2013-08-27","1630.48"
"953","2013-08-28","1634.96"
"954","2013-08-29","1638.17"
"955","2013-08-30","1632.97"
"957","2013-09-03","1639.77"
"958","2013-09-04","1653.08"
"959","2013-09-05","1655.08"
"960","2013-09-06","1655.17"
"961","2013-09-09","1671.71"
"962","2013-09-10","1683.99"
"963","2013-09-11","1689.13"
"964","2013-09-12","1683.42"
"965","2013-09-13","1687.99"
"966","2013-09-16","1697.60"
"967","2013-09-17","1704.76"
"968","2013-09-18","1725.52"
"969","2013-09-19","1722.34"
"970","2013-09-20","1709.91"
"971","2013-09-23","1701.84"
"972","2013-09-24","1697.42"
"973","2013-09-25","1692.77"
"974","2013-09-26","1698.67"
"975","2013-09-27","1691.75"
"976","2013-09-30","1681.55"
"977","2013-10-01","1695.00"
"978","2013-10-02","1693.87"
"979","2013-10-03","1678.66"
"980","2013-10-04","1690.50"
"981","2013-10-07","1676.12"
"982","2013-10-08","1655.45"
"983","2013-10-09","1656.40"
"984","2013-10-10","1692.56"
"985","2013-10-11","1703.20"
"986","2013-10-14","1710.14"
"987","2013-10-15","1698.06"
"988","2013-10-16","1721.54"
"989","2013-10-17","1733.15"
"990","2013-10-18","1744.50"
"991","2013-10-21","1744.66"
"992","2013-10-22","1754.67"
"993","2013-10-23","1746.38"
"994","2013-10-24","1752.07"
"995","2013-10-25","1759.77"
"996","2013-10-28","1762.11"
"997","2013-10-29","1771.95"
"998","2013-10-30","1763.31"
"999","2013-10-31","1756.54"
"1000","2013-11-01","1761.64"
"1001","2013-11-04","1767.93"
"1002","2013-11-05","1762.97"
"1003","2013-11-06","1770.49"
"1004","2013-11-07","1747.15"
"1005","2013-11-08","1770.61"
"1006","2013-11-11","1771.89"
"1007","2013-11-12","1767.69"
"1008","2013-11-13","1782.00"
"1009","2013-11-14","1790.62"
"1010","2013-11-15","1798.18"
"1011","2013-11-18","1791.53"
"1012","2013-11-19","1787.87"
"1013","2013-11-20","1781.37"
"1014","2013-11-21","1795.85"
"1015","2013-11-22","1804.76"
"1016","2013-11-25","1802.48"
"1017","2013-11-26","1802.75"
"1018","2013-11-27","1807.23"
"1020","2013-11-29","1805.81"
"1021","2013-12-02","1800.90"
"1022","2013-12-03","1795.15"
"1023","2013-12-04","1792.81"
"1024","2013-12-05","1785.03"
"1025","2013-12-06","1805.09"
"1026","2013-12-09","1808.37"
"1027","2013-12-10","1802.62"
"1028","2013-12-11","1782.22"
"1029","2013-12-12","1775.50"
"1030","2013-12-13","1775.32"
"1031","2013-12-16","1786.54"
"1032","2013-12-17","1781.00"
"1033","2013-12-18","1810.65"
"1034","2013-12-19","1809.60"
"1035","2013-12-20","1818.32"
"1036","2013-12-23","1827.99"
"1037","2013-12-24","1833.32"
"1039","2013-12-26","1842.02"
"1040","2013-12-27","1841.40"
"1041","2013-12-30","1841.07"
"1042","2013-12-31","1848.36"
"1044","2014-01-02","1831.98"
"1045","2014-01-03","1831.37"
"1046","2014-01-06","1826.77"
"1047","2014-01-07","1837.88"
"1048","2014-01-08","1837.49"
"1049","2014-01-09","1838.13"
"1050","2014-01-10","1842.37"
"1051","2014-01-13","1819.20"
"1052","2014-01-14","1838.88"
"1053","2014-01-15","1848.38"
"1054","2014-01-16","1845.89"
"1055","2014-01-17","1838.70"
"1057","2014-01-21","1843.80"
"1058","2014-01-22","1844.86"
"1059","2014-01-23","1828.46"
"1060","2014-01-24","1790.29"
"1061","2014-01-27","1781.56"
"1062","2014-01-28","1792.50"
"1063","2014-01-29","1774.20"
"1064","2014-01-30","1794.19"
"1065","2014-01-31","1782.59"
"1066","2014-02-03","1741.89"
"1067","2014-02-04","1755.20"
"1068","2014-02-05","1751.64"
"1069","2014-02-06","1773.43"
"1070","2014-02-07","1797.02"
"1071","2014-02-10","1799.84"
"1072","2014-02-11","1819.75"
"1073","2014-02-12","1819.26"
"1074","2014-02-13","1829.83"
"1075","2014-02-14","1838.63"
"1077","2014-02-18","1840.76"
"1078","2014-02-19","1828.75"
"1079","2014-02-20","1839.78"
"1080","2014-02-21","1836.25"
"1081","2014-02-24","1847.61"
"1082","2014-02-25","1845.12"
"1083","2014-02-26","1845.16"
"1084","2014-02-27","1854.29"
"1085","2014-02-28","1859.45"
"1086","2014-03-03","1845.73"
"1087","2014-03-04","1873.91"
"1088","2014-03-05","1873.81"
"1089","2014-03-06","1877.03"
"1090","2014-03-07","1878.04"
"1091","2014-03-10","1877.17"
"1092","2014-03-11","1867.63"
"1093","2014-03-12","1868.20"
"1094","2014-03-13","1846.34"
"1095","2014-03-14","1841.13"
"1096","2014-03-17","1858.83"
"1097","2014-03-18","1872.25"
"1098","2014-03-19","1860.77"
"1099","2014-03-20","1872.01"
"1100","2014-03-21","1866.52"
"1101","2014-03-24","1857.44"
"1102","2014-03-25","1865.62"
"1103","2014-03-26","1852.56"
"1104","2014-03-27","1849.04"
"1105","2014-03-28","1857.62"
"1106","2014-03-31","1872.34"
"1107","2014-04-01","1885.52"
"1108","2014-04-02","1890.90"
"1109","2014-04-03","1888.77"
"1110","2014-04-04","1865.09"
"1111","2014-04-07","1845.04"
"1112","2014-04-08","1851.96"
"1113","2014-04-09","1872.18"
"1114","2014-04-10","1833.08"
"1115","2014-04-11","1815.69"
"1116","2014-04-14","1830.61"
"1117","2014-04-15","1842.98"
"1118","2014-04-16","1862.31"
"1119","2014-04-17","1864.85"
"1121","2014-04-21","1871.89"
"1122","2014-04-22","1879.55"
"1123","2014-04-23","1875.39"
"1124","2014-04-24","1878.61"
"1125","2014-04-25","1863.40"
"1126","2014-04-28","1869.43"
"1127","2014-04-29","1878.33"
"1128","2014-04-30","1883.95"
"1129","2014-05-01","1883.68"
"1130","2014-05-02","1881.14"
"1131","2014-05-05","1884.66"
"1132","2014-05-06","1867.72"
"1133","2014-05-07","1878.21"
"1134","2014-05-08","1875.63"
"1135","2014-05-09","1878.48"
"1136","2014-05-12","1896.65"
"1137","2014-05-13","1897.45"
"1138","2014-05-14","1888.53"
"1139","2014-05-15","1870.85"
"1140","2014-05-16","1877.86"
"1141","2014-05-19","1885.08"
"1142","2014-05-20","1872.83"
"1143","2014-05-21","1888.03"
"1144","2014-05-22","1892.49"
"1145","2014-05-23","1900.53"
"1147","2014-05-27","1911.91"
"1148","2014-05-28","1909.78"
"1149","2014-05-29","1920.03"
"1150","2014-05-30","1923.57"
"1151","2014-06-02","1924.97"
"1152","2014-06-03","1924.24"
"1153","2014-06-04","1927.88"
"1154","2014-06-05","1940.46"
"1155","2014-06-06","1949.44"
"1156","2014-06-09","1951.27"
"1157","2014-06-10","1950.79"
"1158","2014-06-11","1943.89"
"1159","2014-06-12","1930.11"
"1160","2014-06-13","1936.16"
"1161","2014-06-16","1937.78"
"1162","2014-06-17","1941.99"
"1163","2014-06-18","1956.98"
"1164","2014-06-19","1959.48"
"1165","2014-06-20","1962.87"
"1166","2014-06-23","1962.61"
"1167","2014-06-24","1949.98"
"1168","2014-06-25","1959.53"
"1169","2014-06-26","1957.22"
"1170","2014-06-27","1960.96"
"1171","2014-06-30","1960.23"
"1172","2014-07-01","1973.32"
"1173","2014-07-02","1974.62"
"1174","2014-07-03","1985.44"
"1176","2014-07-07","1977.65"
"1177","2014-07-08","1963.71"
"1178","2014-07-09","1972.83"
"1179","2014-07-10","1964.68"
"1180","2014-07-11","1967.57"
"1181","2014-07-14","1977.10"
"1182","2014-07-15","1973.28"
"1183","2014-07-16","1981.57"
"1184","2014-07-17","1958.12"
"1185","2014-07-18","1978.22"
"1186","2014-07-21","1973.63"
"1187","2014-07-22","1983.53"
"1188","2014-07-23","1987.01"
"1189","2014-07-24","1987.98"
"1190","2014-07-25","1978.34"
"1191","2014-07-28","1978.91"
"1192","2014-07-29","1969.95"
"1193","2014-07-30","1970.07"
"1194","2014-07-31","1930.67"
"1195","2014-08-01","1925.15"
"1196","2014-08-04","1938.99"
"1197","2014-08-05","1920.21"
"1198","2014-08-06","1920.24"
"1199","2014-08-07","1909.57"
"1200","2014-08-08","1931.59"
"1201","2014-08-11","1936.92"
"1202","2014-08-12","1933.75"
"1203","2014-08-13","1946.72"
"1204","2014-08-14","1955.18"
"1205","2014-08-15","1955.06"
"1206","2014-08-18","1971.74"
"1207","2014-08-19","1981.60"
"1208","2014-08-20","1986.51"
"1209","2014-08-21","1992.37"
"1210","2014-08-22","1988.40"
"1211","2014-08-25","1997.92"
"1212","2014-08-26","2000.02"
"1213","2014-08-27","2000.12"
"1214","2014-08-28","1996.74"
"1215","2014-08-29","2003.37"
"1217","2014-09-02","2002.28"
"1218","2014-09-03","2000.72"
"1219","2014-09-04","1997.65"
"1220","2014-09-05","2007.71"
"1221","2014-09-08","2001.54"
"1222","2014-09-09","1988.44"
"1223","2014-09-10","1995.69"
"1224","2014-09-11","1997.45"
"1225","2014-09-12","1985.54"
"1226","2014-09-15","1984.13"
"1227","2014-09-16","1998.98"
"1228","2014-09-17","2001.57"
"1229","2014-09-18","2011.36"
"1230","2014-09-19","2010.40"
"1231","2014-09-22","1994.29"
"1232","2014-09-23","1982.77"
"1233","2014-09-24","1998.30"
"1234","2014-09-25","1965.99"
"1235","2014-09-26","1982.85"
"1236","2014-09-29","1977.80"
"1237","2014-09-30","1972.29"
"1238","2014-10-01","1946.16"
"1239","2014-10-02","1946.17"
"1240","2014-10-03","1967.90"
"1241","2014-10-06","1964.82"
"1242","2014-10-07","1935.10"
"1243","2014-10-08","1968.89"
"1244","2014-10-09","1928.21"
"1245","2014-10-10","1906.13"
"1246","2014-10-13","1874.74"
"1247","2014-10-14","1877.70"
"1248","2014-10-15","1862.49"
"1249","2014-10-16","1862.76"
"1250","2014-10-17","1886.76"
"1251","2014-10-20","1904.01"
"1252","2014-10-21","1941.28"
"1253","2014-10-22","1927.11"
"1254","2014-10-23","1950.82"
"1255","2014-10-24","1964.58"
"1256","2014-10-27","1961.63"
"1257","2014-10-28","1985.05"
"1258","2014-10-29","1982.30"
"1259","2014-10-30","1994.65"
"1260","2014-10-31","2018.05"
"1261","2014-11-03","2017.81"
"1262","2014-11-04","2012.10"
"1263","2014-11-05","2023.57"
"1264","2014-11-06","2031.21"
"1265","2014-11-07","2031.92"
"1266","2014-11-10","2038.26"
"1267","2014-11-11","2039.68"
"1268","2014-11-12","2038.25"
"1269","2014-11-13","2039.33"
"1270","2014-11-14","2039.82"
"1271","2014-11-17","2041.32"
"1272","2014-11-18","2051.80"
"1273","2014-11-19","2048.72"
"1274","2014-11-20","2052.75"
"1275","2014-11-21","2063.50"
"1276","2014-11-24","2069.41"
"1277","2014-11-25","2067.03"
"1278","2014-11-26","2072.83"
"1280","2014-11-28","2067.56"
"1281","2014-12-01","2053.44"
"1282","2014-12-02","2066.55"
"1283","2014-12-03","2074.33"
"1284","2014-12-04","2071.92"
"1285","2014-12-05","2075.37"
"1286","2014-12-08","2060.31"
"1287","2014-12-09","2059.82"
"1288","2014-12-10","2026.14"
"1289","2014-12-11","2035.33"
"1290","2014-12-12","2002.33"
"1291","2014-12-15","1989.63"
"1292","2014-12-16","1972.74"
"1293","2014-12-17","2012.89"
"1294","2014-12-18","2061.23"
"1295","2014-12-19","2070.65"
"1296","2014-12-22","2078.54"
"1297","2014-12-23","2082.17"
"1298","2014-12-24","2081.88"
"1300","2014-12-26","2088.77"
"1301","2014-12-29","2090.57"
"1302","2014-12-30","2080.35"
"1303","2014-12-31","2058.90"
"1305","2015-01-02","2058.20"
"1306","2015-01-05","2020.58"
"1307","2015-01-06","2002.61"
"1308","2015-01-07","2025.90"
"1309","2015-01-08","2062.14"
"1310","2015-01-09","2044.81"
"1311","2015-01-12","2028.26"
"1312","2015-01-13","2023.03"
"1313","2015-01-14","2011.27"
"1314","2015-01-15","1992.67"
"1315","2015-01-16","2019.42"
"1317","2015-01-20","2022.55"
"1318","2015-01-21","2032.12"
"1319","2015-01-22","2063.15"
"1320","2015-01-23","2051.82"
"1321","2015-01-26","2057.09"
"1322","2015-01-27","2029.55"
"1323","2015-01-28","2002.16"
"1324","2015-01-29","2021.25"
"1325","2015-01-30","1994.99"
"1326","2015-02-02","2020.85"
"1327","2015-02-03","2050.03"
"1328","2015-02-04","2041.51"
"1329","2015-02-05","2062.52"
"1330","2015-02-06","2055.47"
"1331","2015-02-09","2046.74"
"1332","2015-02-10","2068.59"
"1333","2015-02-11","2068.53"
"1334","2015-02-12","2088.48"
"1335","2015-02-13","2096.99"
"1337","2015-02-17","2100.34"
"1338","2015-02-18","2099.68"
"1339","2015-02-19","2097.45"
"1340","2015-02-20","2110.30"
"1341","2015-02-23","2109.66"
"1342","2015-02-24","2115.48"
"1343","2015-02-25","2113.86"
"1344","2015-02-26","2110.74"
"1345","2015-02-27","2104.50"
"1346","2015-03-02","2117.39"
"1347","2015-03-03","2107.78"
"1348","2015-03-04","2098.53"
"1349","2015-03-05","2101.04"
"1350","2015-03-06","2071.26"
"1351","2015-03-09","2079.43"
"1352","2015-03-10","2044.16"
"1353","2015-03-11","2040.24"
"1354","2015-03-12","2065.95"
"1355","2015-03-13","2053.40"
"1356","2015-03-16","2081.19"
"1357","2015-03-17","2074.28"
"1358","2015-03-18","2099.50"
"1359","2015-03-19","2089.27"
"1360","2015-03-20","2108.10"
"1361","2015-03-23","2104.42"
"1362","2015-03-24","2091.50"
"1363","2015-03-25","2061.05"
"1364","2015-03-26","2056.15"
"1365","2015-03-27","2061.02"
"1366","2015-03-30","2086.24"
"1367","2015-03-31","2067.89"
"1368","2015-04-01","2059.69"
"1369","2015-04-02","2066.96"
"1371","2015-04-06","2080.62"
"1372","2015-04-07","2076.33"
"1373","2015-04-08","2081.90"
"1374","2015-04-09","2091.18"
"1375","2015-04-10","2102.06"
"1376","2015-04-13","2092.43"
"1377","2015-04-14","2095.84"
"1378","2015-04-15","2106.63"
"1379","2015-04-16","2104.99"
"1380","2015-04-17","2081.18"
"1381","2015-04-20","2100.40"
"1382","2015-04-21","2097.29"
"1383","2015-04-22","2107.96"
"1384","2015-04-23","2112.93"
"1385","2015-04-24","2117.69"
"1386","2015-04-27","2108.92"
"1387","2015-04-28","2114.76"
"1388","2015-04-29","2106.85"
"1389","2015-04-30","2085.51"
"1390","2015-05-01","2108.29"
"1391","2015-05-04","2114.49"
"1392","2015-05-05","2089.46"
"1393","2015-05-06","2080.15"
"1394","2015-05-07","2088.00"
"1395","2015-05-08","2116.10"
"1396","2015-05-11","2105.33"
"1397","2015-05-12","2099.12"
"1398","2015-05-13","2098.48"
"1399","2015-05-14","2121.10"
"1400","2015-05-15","2122.73"
"1401","2015-05-18","2129.20"
"1402","2015-05-19","2127.83"
"1403","2015-05-20","2125.85"
"1404","2015-05-21","2130.82"
"1405","2015-05-22","2126.06"
"1407","2015-05-26","2104.20"
"1408","2015-05-27","2123.48"
"1409","2015-05-28","2120.79"
"1410","2015-05-29","2107.39"
"1411","2015-06-01","2111.73"
"1412","2015-06-02","2109.60"
"1413","2015-06-03","2114.07"
"1414","2015-06-04","2095.84"
"1415","2015-06-05","2092.83"
"1416","2015-06-08","2079.28"
"1417","2015-06-09","2080.15"
"1418","2015-06-10","2105.20"
"1419","2015-06-11","2108.86"
"1420","2015-06-12","2094.11"
"1421","2015-06-15","2084.43"
"1422","2015-06-16","2096.29"
"1423","2015-06-17","2100.44"
"1424","2015-06-18","2121.24"
"1425","2015-06-19","2109.99"
"1426","2015-06-22","2122.85"
"1427","2015-06-23","2124.20"
"1428","2015-06-24","2108.58"
"1429","2015-06-25","2102.31"
"1430","2015-06-26","2101.49"
"1431","2015-06-29","2057.64"
"1432","2015-06-30","2063.11"
"1433","2015-07-01","2077.42"
"1434","2015-07-02","2076.78"
"1436","2015-07-06","2068.76"
"1437","2015-07-07","2081.34"
"1438","2015-07-08","2046.68"
"1439","2015-07-09","2051.31"
"1440","2015-07-10","2076.62"
"1441","2015-07-13","2099.60"
"1442","2015-07-14","2108.95"
"1443","2015-07-15","2107.40"
"1444","2015-07-16","2124.29"
"1445","2015-07-17","2126.64"
"1446","2015-07-20","2128.28"
"1447","2015-07-21","2119.21"
"1448","2015-07-22","2114.15"
"1449","2015-07-23","2102.15"
"1450","2015-07-24","2079.65"
"1451","2015-07-27","2067.64"
"1452","2015-07-28","2093.25"
"1453","2015-07-29","2108.57"
"1454","2015-07-30","2108.63"
"1455","2015-07-31","2103.84"
"1456","2015-08-03","2098.04"
"1457","2015-08-04","2093.32"
"1458","2015-08-05","2099.84"
"1459","2015-08-06","2083.56"
"1460","2015-08-07","2077.57"
"1461","2015-08-10","2104.18"
"1462","2015-08-11","2084.07"
"1463","2015-08-12","2086.05"
"1464","2015-08-13","2083.39"
"1465","2015-08-14","2091.54"
"1466","2015-08-17","2102.44"
"1467","2015-08-18","2096.92"
"1468","2015-08-19","2079.61"
"1469","2015-08-20","2035.73"
"1470","2015-08-21","1970.89"
"1471","2015-08-24","1893.21"
"1472","2015-08-25","1867.61"
"1473","2015-08-26","1940.51"
"1474","2015-08-27","1987.66"
"1475","2015-08-28","1988.87"
"1476","2015-08-31","1972.18"
"1477","2015-09-01","1913.85"
"1478","2015-09-02","1948.86"
"1479","2015-09-03","1951.13"
"1480","2015-09-04","1921.22"
"1482","2015-09-08","1969.41"
"1483","2015-09-09","1942.04"
"1484","2015-09-10","1952.29"
"1485","2015-09-11","1961.05"
"1486","2015-09-14","1953.03"
"1487","2015-09-15","1978.09"
"1488","2015-09-16","1995.31"
"1489","2015-09-17","1990.20"
"1490","2015-09-18","1958.03"
"1491","2015-09-21","1966.97"
"1492","2015-09-22","1942.74"
"1493","2015-09-23","1938.76"
"1494","2015-09-24","1932.24"
"1495","2015-09-25","1931.34"
"1496","2015-09-28","1881.77"
"1497","2015-09-29","1884.09"
"1498","2015-09-30","1920.03"
"1499","2015-10-01","1923.82"
"1500","2015-10-02","1951.36"
"1501","2015-10-05","1987.05"
"1502","2015-10-06","1979.92"
"1503","2015-10-07","1995.83"
"1504","2015-10-08","2013.43"
"1505","2015-10-09","2014.89"
"1506","2015-10-12","2017.46"
"1507","2015-10-13","2003.69"
"1508","2015-10-14","1994.24"
"1509","2015-10-15","2023.86"
"1510","2015-10-16","2033.11"
"1511","2015-10-19","2033.66"
"1512","2015-10-20","2030.77"
"1513","2015-10-21","2018.94"
"1514","2015-10-22","2052.51"
"1515","2015-10-23","2075.15"
"1516","2015-10-26","2071.18"
"1517","2015-10-27","2065.89"
"1518","2015-10-28","2090.35"
"1519","2015-10-29","2089.41"
"1520","2015-10-30","2079.36"
"1521","2015-11-02","2104.05"
"1522","2015-11-03","2109.79"
"1523","2015-11-04","2102.31"
"1524","2015-11-05","2099.93"
"1525","2015-11-06","2099.20"
"1526","2015-11-09","2078.58"
"1527","2015-11-10","2081.72"
"1528","2015-11-11","2075.00"
"1529","2015-11-12","2045.97"
"1530","2015-11-13","2023.04"
"1531","2015-11-16","2053.19"
"1532","2015-11-17","2050.44"
"1533","2015-11-18","2083.58"
"1534","2015-11-19","2081.24"
"1535","2015-11-20","2089.17"
"1536","2015-11-23","2086.59"
"1537","2015-11-24","2089.14"
"1538","2015-11-25","2088.87"
"1540","2015-11-27","2090.11"
"1541","2015-11-30","2080.41"
"1542","2015-12-01","2102.63"
"1543","2015-12-02","2079.51"
"1544","2015-12-03","2049.62"
"1545","2015-12-04","2091.69"
"1546","2015-12-07","2077.07"
"1547","2015-12-08","2063.59"
"1548","2015-12-09","2047.62"
"1549","2015-12-10","2052.23"
"1550","2015-12-11","2012.37"
"1551","2015-12-14","2021.94"
"1552","2015-12-15","2043.41"
"1553","2015-12-16","2073.07"
"1554","2015-12-17","2041.89"
"1555","2015-12-18","2005.55"
"1556","2015-12-21","2021.15"
"1557","2015-12-22","2038.97"
"1558","2015-12-23","2064.29"
"1559","2015-12-24","2060.99"
"1561","2015-12-28","2056.50"
"1562","2015-12-29","2078.36"
"1563","2015-12-30","2063.36"
"1564","2015-12-31","2043.94"
"1566","2016-01-04","2012.66"
"1567","2016-01-05","2016.71"
"1568","2016-01-06","1990.26"
"1569","2016-01-07","1943.09"
"1570","2016-01-08","1922.03"
"1571","2016-01-11","1923.67"
"1572","2016-01-12","1938.68"
"1573","2016-01-13","1890.28"
"1574","2016-01-14","1921.84"
"1575","2016-01-15","1880.33"
"1577","2016-01-19","1881.33"
"1578","2016-01-20","1859.33"
"1579","2016-01-21","1868.99"
"1580","2016-01-22","1906.90"
"1581","2016-01-25","1877.08"
"1582","2016-01-26","1903.63"
"1583","2016-01-27","1882.95"
"1584","2016-01-28","1893.36"
"1585","2016-01-29","1940.24"
"1586","2016-02-01","1939.38"
"1587","2016-02-02","1903.03"
"1588","2016-02-03","1912.53"
"1589","2016-02-04","1915.45"
"1590","2016-02-05","1880.05"
"1591","2016-02-08","1853.44"
"1592","2016-02-09","1852.21"
"1593","2016-02-10","1851.86"
"1594","2016-02-11","1829.08"
"1595","2016-02-12","1864.78"
"1597","2016-02-16","1895.58"
"1598","2016-02-17","1926.82"
"1599","2016-02-18","1917.83"
"1600","2016-02-19","1917.78"
"1601","2016-02-22","1945.50"
"1602","2016-02-23","1921.27"
"1603","2016-02-24","1929.80"
"1604","2016-02-25","1951.70"
"1605","2016-02-26","1948.05"
"1606","2016-02-29","1932.23"
"1607","2016-03-01","1978.35"
"1608","2016-03-02","1986.45"
"1609","2016-03-03","1993.40"
"1610","2016-03-04","1999.99"
"1611","2016-03-07","2001.76"
"1612","2016-03-08","1979.26"
"1613","2016-03-09","1989.26"
"1614","2016-03-10","1989.57"
"1615","2016-03-11","2022.19"
"1616","2016-03-14","2019.64"
"1617","2016-03-15","2015.93"
"1618","2016-03-16","2027.22"
"1619","2016-03-17","2040.59"
"1620","2016-03-18","2049.58"
"1621","2016-03-21","2051.60"
"1622","2016-03-22","2049.80"
"1623","2016-03-23","2036.71"
"1624","2016-03-24","2035.94"
"1626","2016-03-28","2037.05"
"1627","2016-03-29","2055.01"
"1628","2016-03-30","2063.95"
"1629","2016-03-31","2059.74"
"1630","2016-04-01","2072.78"
"1631","2016-04-04","2066.13"
"1632","2016-04-05","2045.17"
"1633","2016-04-06","2066.66"
"1634","2016-04-07","2041.91"
"1635","2016-04-08","2047.60"
"1636","2016-04-11","2041.99"
"1637","2016-04-12","2061.72"
"1638","2016-04-13","2082.42"
"1639","2016-04-14","2082.78"
"1640","2016-04-15","2080.73"
"1641","2016-04-18","2094.34"
"1642","2016-04-19","2100.80"
"1643","2016-04-20","2102.40"
"1644","2016-04-21","2091.48"
"1645","2016-04-22","2091.58"
"1646","2016-04-25","2087.79"
"1647","2016-04-26","2091.70"
"1648","2016-04-27","2095.15"
"1649","2016-04-28","2075.81"
"1650","2016-04-29","2065.30"
"1651","2016-05-02","2081.43"
"1652","2016-05-03","2063.37"
"1653","2016-05-04","2051.12"
"1654","2016-05-05","2050.63"
"1655","2016-05-06","2057.14"
"1656","2016-05-09","2058.69"
"1657","2016-05-10","2084.39"
"1658","2016-05-11","2064.46"
"1659","2016-05-12","2064.11"
"1660","2016-05-13","2046.61"
"1661","2016-05-16","2066.66"
"1662","2016-05-17","2047.21"
"1663","2016-05-18","2047.63"
"1664","2016-05-19","2040.04"
"1665","2016-05-20","2052.32"
"1666","2016-05-23","2048.04"
"1667","2016-05-24","2076.06"
"1668","2016-05-25","2090.54"
"1669","2016-05-26","2090.10"
"1670","2016-05-27","2099.06"
"1672","2016-05-31","2096.96"
"1673","2016-06-01","2099.33"
"1674","2016-06-02","2105.26"
"1675","2016-06-03","2099.13"
"1676","2016-06-06","2109.41"
"1677","2016-06-07","2112.13"
"1678","2016-06-08","2119.12"
"1679","2016-06-09","2115.48"
"1680","2016-06-10","2096.07"
"1681","2016-06-13","2079.06"
"1682","2016-06-14","2075.32"
"1683","2016-06-15","2071.50"
"1684","2016-06-16","2077.99"
"1685","2016-06-17","2071.22"
"1686","2016-06-20","2083.25"
"1687","2016-06-21","2088.90"
"1688","2016-06-22","2085.45"
"1689","2016-06-23","2113.32"
"1690","2016-06-24","2037.41"
"1691","2016-06-27","2000.54"
"1692","2016-06-28","2036.09"
"1693","2016-06-29","2070.77"
"1694","2016-06-30","2098.86"
"1695","2016-07-01","2102.95"
"1697","2016-07-05","2088.55"
"1698","2016-07-06","2099.73"
"1699","2016-07-07","2097.90"
"1700","2016-07-08","2129.90"
"1701","2016-07-11","2137.16"
"1702","2016-07-12","2152.14"
"1703","2016-07-13","2152.43"
"1704","2016-07-14","2163.75"
"1705","2016-07-15","2161.74"
"1706","2016-07-18","2166.89"
"1707","2016-07-19","2163.78"
"1708","2016-07-20","2173.02"
"1709","2016-07-21","2165.17"
"1710","2016-07-22","2175.03"
"1711","2016-07-25","2168.48"
"1712","2016-07-26","2169.18"
"1713","2016-07-27","2166.58"
"1714","2016-07-28","2170.06"
"1715","2016-07-29","2173.60"
"1716","2016-08-01","2170.84"
"1717","2016-08-02","2157.03"
"1718","2016-08-03","2163.79"
"1719","2016-08-04","2164.25"
"1720","2016-08-05","2182.87"
"1721","2016-08-08","2180.89"
"1722","2016-08-09","2181.74"
"1723","2016-08-10","2175.49"
"1724","2016-08-11","2185.79"
"1725","2016-08-12","2184.05"
"1726","2016-08-15","2190.15"
"1727","2016-08-16","2178.15"
"1728","2016-08-17","2182.22"
"1729","2016-08-18","2187.02"
"1730","2016-08-19","2183.87"
"1731","2016-08-22","2182.64"
"1732","2016-08-23","2186.90"
"1733","2016-08-24","2175.44"
"1734","2016-08-25","2172.47"
"1735","2016-08-26","2169.04"
"1736","2016-08-29","2180.38"
"1737","2016-08-30","2176.12"
"1738","2016-08-31","2170.95"
"1739","2016-09-01","2170.86"
"1740","2016-09-02","2179.98"
"1742","2016-09-06","2186.48"
"1743","2016-09-07","2186.16"
"1744","2016-09-08","2181.30"
"1745","2016-09-09","2127.81"
"1746","2016-09-12","2159.04"
"1747","2016-09-13","2127.02"
"1748","2016-09-14","2125.77"
"1749","2016-09-15","2147.26"
"1750","2016-09-16","2139.16"
"1751","2016-09-19","2139.12"
"1752","2016-09-20","2139.76"
"1753","2016-09-21","2163.12"
"1754","2016-09-22","2177.18"
"1755","2016-09-23","2164.69"
"1756","2016-09-26","2146.10"
"1757","2016-09-27","2159.93"
"1758","2016-09-28","2171.37"
"1759","2016-09-29","2151.13"
"1760","2016-09-30","2168.27"
"1761","2016-10-03","2161.20"
"1762","2016-10-04","2150.49"
"1763","2016-10-05","2159.73"
"1764","2016-10-06","2160.77"
"1765","2016-10-07","2153.74"
"1766","2016-10-10","2163.66"
"1767","2016-10-11","2136.73"
"1768","2016-10-12","2139.18"
"1769","2016-10-13","2132.55"
"1770","2016-10-14","2132.98"
"1771","2016-10-17","2126.50"
"1772","2016-10-18","2139.60"
"1773","2016-10-19","2144.29"
"1774","2016-10-20","2141.34"
"1775","2016-10-21","2141.16"
"1776","2016-10-24","2151.33"
"1777","2016-10-25","2143.16"
"1778","2016-10-26","2139.43"
"1779","2016-10-27","2133.04"
"1780","2016-10-28","2126.41"
"1781","2016-10-31","2126.15"
"1782","2016-11-01","2111.72"
"1783","2016-11-02","2097.94"
"1784","2016-11-03","2088.66"
"1785","2016-11-04","2085.18"
"1786","2016-11-07","2131.52"
"1787","2016-11-08","2139.56"
"1788","2016-11-09","2163.26"
"1789","2016-11-10","2167.48"
"1790","2016-11-11","2164.45"
"1791","2016-11-14","2164.20"
"1792","2016-11-15","2180.39"
"1793","2016-11-16","2176.94"
"1794","2016-11-17","2187.12"
"1795","2016-11-18","2181.90"
"1796","2016-11-21","2198.18"
"1797","2016-11-22","2202.94"
"1798","2016-11-23","2204.72"
"1800","2016-11-25","2213.35"
"1801","2016-11-28","2201.72"
"1802","2016-11-29","2204.66"
"1803","2016-11-30","2198.81"
"1804","2016-12-01","2191.08"
"1805","2016-12-02","2191.95"
"1806","2016-12-05","2204.71"
"1807","2016-12-06","2212.23"
"1808","2016-12-07","2241.35"
"1809","2016-12-08","2246.19"
"1810","2016-12-09","2259.53"
"1811","2016-12-12","2256.96"
"1812","2016-12-13","2271.72"
"1813","2016-12-14","2253.28"
"1814","2016-12-15","2262.03"
"1815","2016-12-16","2258.07"
"1816","2016-12-19","2262.53"
"1817","2016-12-20","2270.76"
"1818","2016-12-21","2265.18"
"1819","2016-12-22","2260.96"
"1820","2016-12-23","2263.79"
"1822","2016-12-27","2268.88"
"1823","2016-12-28","2249.92"
"1824","2016-12-29","2249.26"
"1825","2016-12-30","2238.83"
